<?xml version="1.0" encoding="UTF-8" standalone="yes"?><tns:ERKNM_INSPECTION ERPID="03240041000107536874" IS_CHECKLISTS_USED="true" TYPE_NAME="Плановое КНМ" START_DATE="2024-04-22" STOP_DATE="2024-05-07" RETURN_SELECTION="false" DURATION_DAYS="10" DURATION_HOURS="15" xmlns:tns="https://proverki.gov.ru/opendata/3.0/20210715"><tns:KIND_CONTROL ID="4" TITLE="Федеральный государственный санитарно-эпидемиологический контроль (надзор)" NUMBER="004" CODE="004"/><tns:KIND_KNM CODE="VP" TITLE="Выездная проверка"/><tns:PROSECUTOR_ORGANIZATION ID="2511" NAME="Прокуратура Республики Бурятия"/><tns:ORGANIZATIONS INN="0326574882" OGRN="1200300001263" ORGANIZATION_NAME="ОБЩЕСТВО С ОГРАНИЧЕННОЙ ОТВЕТСТВЕННОСТЬЮ &quot;КОМБИНАТ ДЕТСКОГО ПИТАНИЯ&quot;" SUBJECT_MSP="Микропредприятие" GUID="a1ea9560-f674-4d20-badb-b255c70bfd3c"><tns:OKVEDS CODE="56.29.2" NAME="Деятельность столовых и буфетов при предприятиях и учреждениях"/></tns:ORGANIZATIONS><tns:OBJECTS ADDRESS="670000, Республика Бурятия, г. Улан-Удэ, пр-кт Победы, д 20" GUID="cf7a9597-a84b-48b6-afd7-870bf2cf80f3"><tns:OBJECT_TYPE ID="1" CODE="1" TITLE="Деятельность и действия"/><tns:OBJECT_KIND TITLE="Деятельность по организации общественного питания детей в организациях, осуществляющих образовательную деятельность, оказание услуг по воспитанию и обучению, уходу и присмотру за детьми, отдыху и оздоровлению, предоставлению мест временного проживания, социальных, медицинских услуг"/><tns:OBJECT_SUB_KIND TITLE="Деятельность по организации общественного питания детей в организациях, осуществляющих образовательную деятельность, оказание услуг по воспитанию и обучению, уходу и присмотру за детьми, отдыху и оздоровлению, предоставлению мест временного проживания, социальных, медицинских услуг"/><tns:RISK_CATEGORY LIMIT="0" TITLE="чрезвычайно высокий риск" SELECTION_BLOCKED="false" NAME="чрезвычайно высокий риск"/></tns:OBJECTS><tns:OBJECTS ADDRESS="670004, Республика Бурятия, г. Улан-Удэ, ул. Составная, д 2б" GUID="eb21a229-3a45-4496-a938-6347a9835bc0"><tns:OBJECT_TYPE ID="1" CODE="1" TITLE="Деятельность и действия"/><tns:OBJECT_KIND TITLE="Деятельность по организации общественного питания детей в организациях, осуществляющих образовательную деятельность, оказание услуг по воспитанию и обучению, уходу и присмотру за детьми, отдыху и оздоровлению, предоставлению мест временного проживания, социальных, медицинских услуг"/><tns:OBJECT_SUB_KIND TITLE="Деятельность по организации общественного питания детей в организациях, осуществляющих образовательную деятельность, оказание услуг по воспитанию и обучению, уходу и присмотру за детьми, отдыху и оздоровлению, предоставлению мест временного проживания, социальных, медицинских услуг"/><tns:RISK_CATEGORY LIMIT="0" TITLE="чрезвычайно высокий риск" SELECTION_BLOCKED="false" NAME="чрезвычайно высокий риск"/></tns:OBJECTS><tns:INSPECTORS INSPECTOR_FULL_NAME="Хандарова И.П." GUID="78b9c84b-b354-48a4-a1da-74722c53b30c"><tns:INSPECTOR_POSITION TITLE="Начальник отдела территориального органа Федеральной службы по надзору в сфере защиты прав потребителей и благополучия человека"/></tns:INSPECTORS><tns:INSPECTORS INSPECTOR_FULL_NAME="Молчанова О.А." GUID="c5a9a12b-e103-447e-a940-ed2c7cc7a760"><tns:INSPECTOR_POSITION TITLE="Заместитель начальника отдела территориального органа Федеральной службы по надзору в сфере защиты прав потребителей и благополучия человека"/></tns:INSPECTORS><tns:INSPECTORS INSPECTOR_FULL_NAME="Амбаева Ю.А." GUID="ba478e0e-9531-4637-97dc-1d9373c74ce2"><tns:INSPECTOR_POSITION TITLE="Главный специалист-эксперт отдела территориального органа Федеральной службы по надзору в сфере защиты прав потребителей и благополучия человека"/></tns:INSPECTORS><tns:INSPECTORS INSPECTOR_FULL_NAME="Шнитова К.А." GUID="29ff557e-e9c3-4b32-bcf7-580f42d77e0d"><tns:INSPECTOR_POSITION TITLE="Главный специалист-эксперт отдела территориального органа Федеральной службы по надзору в сфере защиты прав потребителей и благополучия человека"/></tns:INSPECTORS><tns:INSPECTORS INSPECTOR_FULL_NAME="Цыдынжапова К.В." GUID="99c88db4-6a29-4097-b7b8-938c8986071e"><tns:INSPECTOR_POSITION TITLE="Ведущий специалист-эксперт отдела территориального органа Федеральной службы по надзору в сфере защиты прав потребителей и благополучия человека"/></tns:INSPECTORS><tns:EXPERTS EXPERT_TITLE="ФБУЗ &quot;Центр гигиены и эпидемиологии в Республике Бурятия&quot;" GUID="ae2c1700-56ba-4600-8d51-414c2fb12a2b"><tns:EXPERT_TYPE CODE="EXP_ORG" NAME="Экспертная организация"/></tns:EXPERTS><tns:EVENTS GUID="f5bfaf6a-da54-4a61-9e6e-a39cbc62ceca" START_DATE="2024-04-22" STOP_DATE="2024-05-07"><tns:EVENT CODE="null" TITLE="Осмотр"/></tns:EVENTS><tns:EVENTS GUID="ae8473b3-cbbf-42ed-a442-094369b5f0dc" START_DATE="2024-04-22" STOP_DATE="2024-05-07"><tns:EVENT CODE="null" TITLE="Опрос"/></tns:EVENTS><tns:EVENTS GUID="73a9b3b4-035d-4f53-a807-7b0365a4269e" START_DATE="2024-04-22" STOP_DATE="2024-05-07"><tns:EVENT CODE="null" TITLE="Получение письменных объяснений"/></tns:EVENTS><tns:EVENTS GUID="898d5867-a5a6-4ab6-9bd0-cbf7e8cf8cdb" START_DATE="2024-04-22" STOP_DATE="2024-05-07"><tns:EVENT CODE="null" TITLE="Истребование документов"/></tns:EVENTS><tns:EVENTS GUID="001493ca-71fc-4269-a18b-acadb79018dd" START_DATE="2024-04-22" STOP_DATE="2024-05-07"><tns:EVENT CODE="null" TITLE="Отбор проб (образцов)"/></tns:EVENTS><tns:EVENTS GUID="0c0f77c9-6f01-4f3a-8563-1c4402e3fd46" START_DATE="2024-04-22" STOP_DATE="2024-05-07"><tns:EVENT CODE="null" TITLE="Инструментальное обследование"/></tns:EVENTS><tns:EVENTS GUID="7175d4e0-1899-4048-aba8-0a9dd0dd3dcb" START_DATE="2024-04-22" STOP_DATE="2024-05-07"><tns:EVENT CODE="null" TITLE="Испытание"/></tns:EVENTS><tns:EVENTS GUID="5344e5c6-23e9-492a-b532-d8da87fb5ae7" START_DATE="2024-04-22" STOP_DATE="2024-05-07"><tns:EVENT CODE="null" TITLE="Экспертиза"/></tns:EVENTS><tns:CHECKLISTS GUID="4db0fbdb-bbf2-4870-95ff-9a9708c18d23"><tns:CHECKLIST TITLE="Проверочный лист №24 к приказу Роспотребнадзора №18 от 22.01.2022г.  (список контрольных вопросов, ответы на которые        свидетельствуют о соблюдении или несоблюдении контролируемым          лицом обязательных требований), применяемого Федеральной             службой по надзору в сфере защиты прав потребителей            и благополучия человека, ее территориальными органами         и федеральными государственными учреждениями при проведении         планового контрольного (надзорного) мероприятия (рейдового         осмотра, выездной проверки) при осуществлении федерального           государственного санитарно-эпидемиологического контроля            (надзора) за соблюдением санитарно-эпидемиологических            требований к организации общественного питания детей"><tns:questions/><tns:questions/><tns:questions/><tns:questions/><tns:questions/><tns:questions/><tns:questions/><tns:questions/><tns:questions/><tns:questions/><tns:questions/><tns:questions/><tns:questions/><tns:questions/><tns:questions/><tns:questions/><tns:questions/><tns:questions/><tns:questions/><tns:questions/><tns:questions/><tns:questions/><tns:questions/><tns:questions/><tns:questions/><tns:questions/><tns:questions/><tns:questions/><tns:questions/><tns:questions/></tns:CHECKLIST></tns:CHECKLISTS><tns:PLACES>670000, Республика Бурятия, г. Улан-Удэ, пр-кт Победы, д 20</tns:PLACES><tns:PLACES>670004, Республика Бурятия, г. Улан-Удэ, ул. Составная, д 2б</tns:PLACES><tns:KNO_ORGANIZATION ID="10001012187" OGRN="1050302662288" PHONE="+7(301)-241-25-74" ADDRESS="г Улан-Удэ, ул Ключевская, д 45Б" FULL_NAME="Управление Роспотребнадзора по Республике Бурятия" SHORT_NAME="Управление Роспотребнадзора по Республике Бурятия" CODE="10001012187"><tns:ADMIN_LEVEL ID="50001" TITLE="FEDERAL" DESCRIPTION="Федеральный"/></tns:KNO_ORGANIZATION><tns:DECISION/><tns:APPROVE IS_APPEAL="false"><tns:APPROVE_REQUIRED>REQUIRED</tns:APPROVE_REQUIRED></tns:APPROVE><tns:REASON_RISK><tns:REASON MAIN="false" APPROVE_REQUIRED="false"><tns:REASON_TYPE NAME="План" HAS_TEXT="false" APPROVE_REQUIRED="false" DATE_REQUIRED="false"/></tns:REASON></tns:REASON_RISK></tns:ERKNM_INSPECTION>