<?xml version="1.0" encoding="UTF-8" standalone="yes"?>
<tns:ERKNM_INSPECTION ERPID="03240041000109772147" TYPE_NAME="Внеплановое КНМ" START_DATE="2024-03-13" STOP_DATE="2024-03-26"
RETURN_SELECTION="false" DURATION_DAYS="10" DURATION_HOURS="15" xmlns:tns="https://proverki.gov.ru/opendata/3.0/20210715">
<tns:KIND_CONTROL ID="4" TITLE="Федеральный государственный санитарно-эпидемиологический контроль (надзор)" NUMBER="004" CODE="004"/>
<tns:KIND_KNM CODE="VP" TITLE="Выездная проверка"/>
<tns:PROSECUTOR_ORGANIZATION ID="2511" NAME="Прокуратура Республики Бурятия"/>
<tns:ORGANIZATIONS INN="032304857400" OGRN="323030000031257" ORGANIZATION_NAME="КАРКУНОВА АГНИЯ АЛЕКСАНДРОВНА" SUBJECT_MSP="Микропредприятие" GUID="55b41eed-0b0c-4652-bd37-b4dd5e9c3566">
<tns:OKVEDS CODE="56.29.4" NAME="Деятельность социальных столовых, буфетов или кафетериев (в офисах, больницах, школах, институтах и пр.) на основе льготных цен на питание"/>
</tns:ORGANIZATIONS>
<tns:OBJECTS ADDRESS="670002, Республика Бурятия, г. Улан-Удэ, ул. Лимонова, д 5А" GUID="9639697a-a31e-42bb-9641-f7f046279588">
<tns:OBJECT_TYPE ID="3" CODE="3" TITLE="Производственные объекты"/>
<tns:OBJECT_KIND TITLE="Деятельность ресторанов, кафе, баров, закусочных, столовых, в том числе столовых при предприятиях и учреждениях, поставка продукции общественного питания"/>
<tns:OBJECT_SUB_KIND TITLE="Деятельность ресторанов, кафе, баров, закусочных, столовых, в том числе столовых при предприятиях и учреждениях, поставка продукции общественного питания"/>
<tns:RISK_CATEGORY ID="1" LIMIT="0" CODE="1" TITLE="чрезвычайно высокий риск" NAME="чрезвычайно высокий риск"/>
</tns:OBJECTS>
<tns:INSPECTORS INSPECTOR_FULL_NAME="Амбаева Юлия Анатольевна" GUID="d019d35c-0bd7-437f-8ae5-16bda8c2cd11">
<tns:INSPECTOR_POSITION TITLE="Главный специалист-эксперт отдела территориального органа Федеральной службы по надзору в сфере защиты прав потребителей и благополучия человека"/>
</tns:INSPECTORS>
<tns:INSPECTORS INSPECTOR_FULL_NAME="Цыдынжапова Ксения Викторовна" GUID="697ab17f-aac0-48d3-82aa-ff2226898dcb">
<tns:INSPECTOR_POSITION TITLE="Ведущий специалист-эксперт отдела территориального органа Федеральной службы по надзору в сфере защиты прав потребителей и благополучия человека"/>
</tns:INSPECTORS>
<tns:EXPERTS EXPERT_TITLE="ФБУЗ «Центр гигиены и эпидемиологии в Республике Бурятия» " GUID="b13538c2-f9f2-4f24-a159-4457de544094">
<tns:EXPERT_TYPE CODE="EXP_ORG" NAME="Экспертная организация"/>
</tns:EXPERTS>
<tns:EXPERTS EXPERT_TITLE="Сордонова Арюна Иннокентьевна " GUID="295a125b-bb1a-453b-a80a-cbc1447cbc52">
<tns:EXPERT_TYPE CODE="EXP" NAME="Эксперт"/>
</tns:EXPERTS>
<tns:EXPERTS EXPERT_TITLE="Цындыжапова Галина Ивановна" GUID="5d94f9c3-c735-419b-a1f7-e04ba577cb79">
<tns:EXPERT_TYPE CODE="EXP" NAME="Эксперт"/>
</tns:EXPERTS><tns:EXPERTS EXPERT_TITLE="Вафина Светлана Михайловна " GUID="386d202b-77c6-44a9-a1ad-5d68d464bcf9">
<tns:EXPERT_TYPE CODE="EXP" NAME="Эксперт"/>
</tns:EXPERTS>
<tns:EXPERTS EXPERT_TITLE="Родионова Валентина Николаевна " GUID="a94f6036-f4d3-479f-94a1-a85cfe5baa61">
<tns:EXPERT_TYPE CODE="SPEC" NAME="Cпециалист"/>
</tns:EXPERTS>
<tns:EXPERTS EXPERT_TITLE="Хабитуев Алексей Александрович" GUID="ad1d0307-1e5e-4dc3-9b0d-4f12d8d3a980">
<tns:EXPERT_TYPE CODE="SPEC" NAME="Cпециалист"/>
</tns:EXPERTS><tns:EVENTS GUID="abef7aea-cc9f-4501-9f1f-9350f8b832e2" START_DATE="2024-03-13" STOP_DATE="2024-03-26">
<tns:EVENT CODE="null" TITLE="Осмотр"/>
</tns:EVENTS><tns:EVENTS GUID="8f37b565-2161-4a91-88dc-9abdb26eef5e" START_DATE="2024-03-13" STOP_DATE="2024-03-26">
<tns:EVENT CODE="null" TITLE="Опрос"/>
</tns:EVENTS>
<tns:EVENTS GUID="85c51926-9487-4c7c-9a47-977cbbee3982" START_DATE="2024-03-13" STOP_DATE="2024-03-26">
<tns:EVENT CODE="null" TITLE="Получение письменных объяснений"/>
</tns:EVENTS>
<tns:EVENTS GUID="65cbcd9f-09dc-47ab-bdf6-6087ee92d3b3" START_DATE="2024-03-13" STOP_DATE="2024-03-26">
<tns:EVENT CODE="null" TITLE="Истребование документов"/>
</tns:EVENTS>
<tns:EVENTS GUID="d6a763dc-c669-4508-a9f6-0decbb80feb2" START_DATE="2024-03-13" STOP_DATE="2024-03-26">
<tns:EVENT CODE="null" TITLE="Отбор проб (образцов)"/>
</tns:EVENTS>
<tns:EVENTS GUID="8498bce2-a11b-463b-9076-551a0c06616c" START_DATE="2024-03-13" STOP_DATE="2024-03-26">
<tns:EVENT CODE="null" TITLE="Испытание"/>
</tns:EVENTS>
<tns:EVENTS GUID="3699bbef-dae4-4475-b8d7-269006215d63" START_DATE="2024-03-13" STOP_DATE="2024-03-26">
<tns:EVENT CODE="null" TITLE="Экспертиза"/>
</tns:EVENTS>
<tns:PLACES>670002, Республика Бурятия, г. Улан-Удэ, ул. Лимонова, д 5А</tns:PLACES>
<tns:KNO_ORGANIZATION ID="10001012187" OGRN="1050302662288" PHONE="+7(301)-241-25-74" ADDRESS="г Улан-Удэ, ул Ключевская, д 45Б" FULL_NAME="Управление Роспотребнадзора по Республике Бурятия" SHORT_NAME="Управление Роспотребнадзора по Республике Бурятия" CODE="10001012187">
<tns:ADMIN_LEVEL ID="50001" TITLE="FEDERAL" DESCRIPTION="Федеральный"/>
</tns:KNO_ORGANIZATION>
<tns:DECISION DATE_TIME_DECISION="2024-03-05T09:00:00.000000Z" NUMBER_DECISION="27" PLACE_DECISION="670013, Республика Бурятия, г. Улан-Удэ, ул. Ключевская, д 45Б" FIO_SIGNER="Бальжанова Валентина Ефимовна">
<tns:TITLE_SIGNER TITLE="Заместитель руководителя территориального органа Федеральной службы по надзору в сфере защиты прав потребителей и благополучия человека  заместитель Главного государственного санитарного врача по субъекту Российской Федерации"/>
</tns:DECISION>
<tns:APPROVE IS_APPEAL="false">
<tns:APPROVE_REQUIRED>NON_REQUIRED</tns:APPROVE_REQUIRED>
</tns:APPROVE><tns:REASON_RISK>
<tns:REASON MAIN="false" APPROVE_REQUIRED="false">
<tns:REASON_TYPE NAME="Поручение Президента РФ, поручение Правительства РФ" HAS_TEXT="false" APPROVE_REQUIRED="true" DATE_REQUIRED="true"/>
</tns:REASON>
</tns:REASON_RISK>
</tns:ERKNM_INSPECTION>
