<?xml version="1.0" encoding="UTF-8" standalone="yes"?><tns:ERKNM_INSPECTION ERPID="03240041000110018004" TYPE_NAME="Внеплановое КНМ" START_DATE="2024-03-28" STOP_DATE="2024-04-10" RETURN_SELECTION="false" DURATION_DAYS="10" xmlns:tns="https://proverki.gov.ru/opendata/3.0/20210715"><tns:KIND_CONTROL ID="4" TITLE="Федеральный государственный санитарно-эпидемиологический контроль (надзор)" NUMBER="004" CODE="004"/><tns:KIND_KNM CODE="VP" TITLE="Выездная проверка"/><tns:PROSECUTOR_ORGANIZATION ID="2511" NAME="Прокуратура Республики Бурятия"/><tns:ORGANIZATIONS INN="032625663999" OGRN="323030000016991" ORGANIZATION_NAME="ГЕНДУНОВ АЛЕКСЕЙ ОЧИРОВИЧ" SUBJECT_MSP="Микропредприятие" GUID="4b55c0c9-914c-4561-bc6e-c4d9c9a2f492"><tns:OKVEDS CODE="56.10" NAME="Деятельность ресторанов и услуги по доставке продуктов питания"/></tns:ORGANIZATIONS><tns:OBJECTS GUID="6a5fc42d-865f-48e4-83ab-8fa4ccb595af"><tns:OBJECT_TYPE ID="1" CODE="1" TITLE="Деятельность и действия"/><tns:OBJECT_KIND TITLE="Деятельность ресторанов, кафе, баров, закусочных, столовых, в том числе столовых при предприятиях и учреждениях, поставка продукции общественного питания"/><tns:OBJECT_SUB_KIND TITLE="Деятельность ресторанов, кафе, баров, закусочных, столовых, в том числе столовых при предприятиях и учреждениях, поставка продукции общественного питания"/><tns:RISK_CATEGORY ID="3" LIMIT="0" CODE="3" TITLE="значительный риск" NAME="значительный риск"/></tns:OBJECTS><tns:INSPECTORS INSPECTOR_FULL_NAME="Амбаева Юлия Анатольевна " GUID="b45483c0-9706-4ec8-9fee-3ca992c7d8aa"><tns:INSPECTOR_POSITION TITLE="Главный специалист-эксперт отдела территориального органа Федеральной службы по надзору в сфере защиты прав потребителей и благополучия человека"/></tns:INSPECTORS><tns:INSPECTORS INSPECTOR_FULL_NAME="Шнитова Кристина Александровна " GUID="6b57c907-c85d-457b-a2b5-94527382c365"><tns:INSPECTOR_POSITION TITLE="Главный специалист-эксперт отдела территориального органа Федеральной службы по надзору в сфере защиты прав потребителей и благополучия человека"/></tns:INSPECTORS><tns:INSPECTORS INSPECTOR_FULL_NAME="Цыдынжапова Ксения Викторовна " GUID="1e06ada3-d184-4c1e-bbfe-1ae09e4eae0b"><tns:INSPECTOR_POSITION TITLE="Ведущий специалист-эксперт отдела территориального органа Федеральной службы по надзору в сфере защиты прав потребителей и благополучия человека"/></tns:INSPECTORS><tns:EXPERTS EXPERT_TITLE="Родионова Валентина Николаевна " GUID="dde85475-3068-491c-b144-0d552b6ef179"><tns:EXPERT_TYPE CODE="SPEC" NAME="Cпециалист"/></tns:EXPERTS><tns:EXPERTS EXPERT_TITLE="Жукова Светлана Владимировна " GUID="75e7e050-61fc-4cf5-94b4-5f4cb8c54474"><tns:EXPERT_TYPE CODE="SPEC" NAME="Cпециалист"/></tns:EXPERTS><tns:EXPERTS EXPERT_TITLE="Хабитуев Алексей Александрович " GUID="fc1adb05-58a3-4722-991c-b4eb91fe1463"><tns:EXPERT_TYPE CODE="SPEC" NAME="Cпециалист"/></tns:EXPERTS><tns:EXPERTS EXPERT_TITLE="ФБУЗ «Центр гигиены и эпидемиологии в Республике Бурятия» - аттестаты аккредитации №RA.RU.710104 от 16 ноября 2015 г., №RA.RU.516360 от 16.12.2015г. выданы Центральным органом по аккредитации лаборатории ФБУЗ «Федеральный центр гигиены и эпидемиологии» Федеральной службы по надзору в сфере защиты прав потребителей и благополучия человека." GUID="f7439a57-85a3-47b9-adf6-046b092a1a55"><tns:EXPERT_TYPE CODE="EXP_ORG" NAME="Экспертная организация"/></tns:EXPERTS><tns:EXPERTS EXPERT_TITLE="Сордонова Арюна Иннокентьевна " GUID="97d698f4-be49-47bc-a31c-5d5b506f9c5e"><tns:EXPERT_TYPE CODE="EXP" NAME="Эксперт"/></tns:EXPERTS><tns:EXPERTS EXPERT_TITLE="Цындыжапова Галина Ивановна " GUID="b8e04793-260b-4f71-9b9a-374ceae26385"><tns:EXPERT_TYPE CODE="EXP" NAME="Эксперт"/></tns:EXPERTS><tns:EXPERTS EXPERT_TITLE="Вафина Светлана Михайловна " GUID="0c4ff23f-1933-4bba-9419-21ffe850ba4b"><tns:EXPERT_TYPE CODE="EXP" NAME="Эксперт"/></tns:EXPERTS><tns:EVENTS GUID="6dfc6d96-7f61-429d-a95e-0ebb02460d2b" START_DATE="2024-03-28" STOP_DATE="2024-04-10"><tns:EVENT CODE="null" TITLE="Осмотр"/></tns:EVENTS><tns:EVENTS GUID="f98b1a72-c802-4439-84ca-5fd144683bee" START_DATE="2024-03-28" STOP_DATE="2024-04-10"><tns:EVENT CODE="null" TITLE="Получение письменных объяснений"/></tns:EVENTS><tns:EVENTS GUID="deeaac7d-d3c7-4624-94a5-515ee48cc76f" START_DATE="2024-03-28" STOP_DATE="2024-04-10"><tns:EVENT CODE="null" TITLE="Истребование документов"/></tns:EVENTS><tns:EVENTS GUID="05418870-7221-42a6-bd27-b5b654f19603" START_DATE="2024-03-28" STOP_DATE="2024-04-10"><tns:EVENT CODE="null" TITLE="Отбор проб (образцов)"/></tns:EVENTS><tns:EVENTS GUID="e3518570-88ab-4efe-ba86-e7e58de9ee24" START_DATE="2024-03-28" STOP_DATE="2024-04-10"><tns:EVENT CODE="null" TITLE="Испытание"/></tns:EVENTS><tns:EVENTS GUID="6507936e-c1ed-49a0-9798-ca2b9f4146d0" START_DATE="2024-03-28" STOP_DATE="2024-04-10"><tns:EVENT CODE="null" TITLE="Экспертиза"/></tns:EVENTS><tns:PLACES>670050, Республика Бурятия, г. Улан-Удэ, ул. Камова, д 25а/1</tns:PLACES><tns:KNO_ORGANIZATION ID="10001012187" OGRN="1050302662288" PHONE="+7(301)-241-25-74" ADDRESS="г Улан-Удэ, ул Ключевская, д 45Б" FULL_NAME="Управление Роспотребнадзора по Республике Бурятия" SHORT_NAME="Управление Роспотребнадзора по Республике Бурятия" CODE="10001012187"><tns:ADMIN_LEVEL ID="50001" TITLE="FEDERAL" DESCRIPTION="Федеральный"/></tns:KNO_ORGANIZATION><tns:DECISION DATE_TIME_DECISION="2024-03-27T11:00:00.000000Z" NUMBER_DECISION="35" FIO_SIGNER="Бальжанова Валентина Ефимовна "><tns:TITLE_SIGNER TITLE="Заместитель руководителя территориального органа Федеральной службы по надзору в сфере защиты прав потребителей и благополучия человека  заместитель Главного государственного санитарного врача по субъекту Российской Федерации"/></tns:DECISION><tns:APPROVE IS_APPEAL="false"><tns:APPROVE_REQUIRED>NON_REQUIRED</tns:APPROVE_REQUIRED></tns:APPROVE><tns:REASON_RISK><tns:REASON MAIN="false" APPROVE_REQUIRED="false"><tns:REASON_TYPE NAME="Требование прокурора" HAS_TEXT="false" APPROVE_REQUIRED="false" DATE_REQUIRED="false"/></tns:REASON></tns:REASON_RISK></tns:ERKNM_INSPECTION>